"type.keyword: Descending","publisher.keyword: Descending","short-container-title.keyword: Descending",Count
"journal-article","Elsevier BV",Virology,120
"journal-article","Elsevier BV","SSRN Journal",83
"journal-article","Elsevier BV","Virus Research",75
"journal-article","Elsevier BV","The Lancet",73
"journal-article","Elsevier BV","Veterinary Microbiology",49
"journal-article","Elsevier BV","The Lancet Infectious Diseases",36
"journal-article","Elsevier BV","International Journal of Infectious Diseases",34
"journal-article","Elsevier BV","Journal of Infection",33
"journal-article","Elsevier BV","Journal of Virological Methods",33
"journal-article","Elsevier BV","Travel Medicine and Infectious Disease",31
"journal-article","Elsevier BV","Antiviral Research",25
"journal-article","Elsevier BV",Vaccine,21
"journal-article","Elsevier BV","Journal of Hospital Infection",20
"journal-article","Elsevier BV","The Lancet Respiratory Medicine",19
"journal-article","Elsevier BV","Biochemical and Biophysical Research Communications",16
"journal-article","Elsevier BV","Journal of Clinical Virology",16
"journal-article","Elsevier BV","Infection, Genetics and Evolution",13
"journal-article","Elsevier BV","Journal of Microbiology, Immunology and Infection",13
"journal-article","Elsevier BV","Journal of Neuroimmunology",12
"journal-article","Elsevier BV","International Journal of Antimicrobial Agents",11
"journal-article","Elsevier BV","Journal of Molecular Biology",11
"journal-article","Elsevier BV","New Scientist",10
"journal-article","Elsevier BV","Research in Veterinary Science",9
"journal-article","Elsevier BV","The Lancet Psychiatry",9
"journal-article","Elsevier BV","Journal of the American Academy of Dermatology",8
"journal-article","Elsevier BV","The Lancet Global Health",8
"journal-article","Elsevier BV","Microbes and Infection",7
"journal-article","Elsevier BV","Veterinary Immunology and Immunopathology",7
"journal-article","Elsevier BV","American Journal of Infection Control",6
"journal-article","Elsevier BV","Journal of Infection and Public Health",6
"journal-article","Elsevier BV","Psychiatry Research",6
"journal-article","Elsevier BV","Cell Host & Microbe",5
"journal-article","Elsevier BV","Clinical Microbiology and Infection",5
"journal-article","Elsevier BV",Gastroenterology,5
"journal-article","Elsevier BV","Preventive Veterinary Medicine",5
"journal-article","Elsevier BV",Structure,5
"journal-article","Elsevier BV","The Lancet Public Health",5
"journal-article","Elsevier BV","The Veterinary Journal",5
"journal-article","Elsevier BV",Chest,4
"journal-article","Elsevier BV","Current Opinion in Virology",4
"journal-article","Elsevier BV",Engineering,4
"journal-article","Elsevier BV","One Health",4
"journal-article","Elsevier BV","The Lancet Gastroenterology & Hepatology",4
"journal-article","Elsevier BV","Trends in Microbiology",4
"journal-article","Elsevier BV","Asian Journal of Psychiatry",3
"journal-article","Elsevier BV","Bioorganic & Medicinal Chemistry Letters",3
"journal-article","Elsevier BV","Brain, Behavior, and Immunity",3
"journal-article","Elsevier BV","British Journal of Anaesthesia",3
"journal-article","Elsevier BV",Cell,3
"journal-article","Elsevier BV","Comparative Immunology, Microbiology and Infectious Diseases",3
"journal-article","Elsevier BV","Diabetes & Metabolic Syndrome: Clinical Research & Reviews",3
"journal-article","Elsevier BV",Gene,3
"journal-article","Elsevier BV","Infectious Disease Modelling",3
"journal-article","Elsevier BV","International Journal of Surgery",3
"journal-article","Elsevier BV","Journal of Comparative Pathology",3
"journal-article","Elsevier BV","Journal of Pharmaceutical Analysis",3
"journal-article","Elsevier BV","Kidney International",3
"journal-article","Elsevier BV","Microbial Pathogenesis",3
"journal-article","Elsevier BV","Molecular and Cellular Probes",3
"journal-article","Elsevier BV","The Journal of Heart and Lung Transplantation",3
"journal-article","Elsevier BV","Academic Radiology",2
"journal-article","Elsevier BV","Advances in Small Animal Medicine and Surgery",2
"journal-article","Elsevier BV","American Journal of Obstetrics & Gynecology MFM",2
"journal-article","Elsevier BV","Anaesthesia Critical Care & Pain Medicine",2
"journal-article","Elsevier BV","Annals of Oncology",2
"journal-article","Elsevier BV","Bioorganic & Medicinal Chemistry",2
"journal-article","Elsevier BV","Biophysical Journal",2
"journal-article","Elsevier BV","British Veterinary Journal",2
"journal-article","Elsevier BV","Chemistry & Biology",2
"journal-article","Elsevier BV","Clinica Chimica Acta",2
"journal-article","Elsevier BV","Clinical Gastroenterology and Hepatology",2
"journal-article","Elsevier BV","Complementary Therapies in Clinical Practice",2
"journal-article","Elsevier BV","Current Biology",2
"journal-article","Elsevier BV","Diagnostic Microbiology and Infectious Disease",2
"journal-article","Elsevier BV","Drug Discovery Today",2
"journal-article","Elsevier BV","European Journal of Medicinal Chemistry",2
"journal-article","Elsevier BV","Gastrointestinal Endoscopy",2
"journal-article","Elsevier BV","International Journal of Nursing Studies",2
"journal-article","Elsevier BV","International Journal of Radiation Oncology*Biology*Physics",2
"journal-article","Elsevier BV","Journal of Autoimmunity",2
"journal-article","Elsevier BV","Journal of Cardiothoracic and Vascular Anesthesia",2
"journal-article","Elsevier BV","Journal of Genetics and Genomics",2
"journal-article","Elsevier BV","Journal of Immunological Methods",2
"journal-article","Elsevier BV","Journal of Integrative Medicine",2
"journal-article","Elsevier BV","Journal of Sport and Health Science",2
"journal-article","Elsevier BV","Journal of the American College of Cardiology",2
"journal-article","Elsevier BV","Journal of the Formosan Medical Association",2
"journal-article","Elsevier BV","New Microbes and New Infections",2
"journal-article","Elsevier BV","Pathologie Biologie",2
"journal-article","Elsevier BV","Pharmacological Research",2
"journal-article","Elsevier BV","Progress in Cardiovascular Diseases",2
"journal-article","Elsevier BV","Public Health",2
"journal-article","Elsevier BV","Research in Immunology",2
"journal-article","Elsevier BV","Revista Clínica Española",2
"journal-article","Elsevier BV","Science Bulletin",2
"journal-article","Elsevier BV","The American Journal of Pathology",2
"journal-article","Elsevier BV","The Lancet Digital Health",2
"journal-article","Elsevier BV","The Lancet Oncology",2
"journal-article","Elsevier BV","Transfusion Medicine Reviews",2
"journal-article","Elsevier BV","Veterinary Clinics of North America: Small Animal Practice",2
"journal-article","Elsevier BV","Advances in Radiation Oncology",1
"journal-article","Elsevier BV","Alexandria Engineering Journal",1
"journal-article","Elsevier BV","American Journal of Obstetrics and Gynecology",1
"journal-article","Elsevier BV","Anales de Pediatría",1
"journal-article","Elsevier BV","Analytical Biochemistry",1
"journal-article","Elsevier BV","Archives de Pédiatrie",1
"journal-article","Elsevier BV","Archives des Maladies Professionnelles et de l'Environnement",1
"journal-article","Elsevier BV","Archivos de Bronconeumología",1
"journal-article","Elsevier BV","Archivos de Bronconeumología (English Edition)",1
"journal-article","Elsevier BV","Autoimmunity Reviews",1
"journal-article","Elsevier BV","Biochimica et Biophysica Acta (BBA) - Proteins and Proteomics",1
"journal-article","Elsevier BV",Biochimie,1
"journal-article","Elsevier BV",Biologicals,1
"journal-article","Elsevier BV",Biomaterials,1
"journal-article","Elsevier BV","Biometric Technology Today",1
"journal-article","Elsevier BV","Biosafety and Health",1
"journal-article","Elsevier BV","Brazilian Journal of Anesthesiology",1
"journal-article","Elsevier BV","Cardiovascular Revascularization Medicine",1
"journal-article","Elsevier BV","Cell Calcium",1
"journal-article","Elsevier BV","Chaos, Solitons & Fractals",1
"journal-article","Elsevier BV","Clinical Imaging",1
"journal-article","Elsevier BV","Clinical Immunology",1
"journal-article","Elsevier BV","Clinical Radiology",1
"journal-article","Elsevier BV","Clinical and Diagnostic Virology",1
"journal-article","Elsevier BV","Clinical eHealth",1
"journal-article","Elsevier BV","Computers in Biology and Medicine",1
"journal-article","Elsevier BV","Contact Lens and Anterior Eye",1
"journal-article","Elsevier BV","Current Opinion in Microbiology",1
"journal-article","Elsevier BV","Data in Brief",1
"journal-article","Elsevier BV","Diabetes Research and Clinical Practice",1
"journal-article","Elsevier BV",EBioMedicine,1
"journal-article","Elsevier BV",EClinicalMedicine,1
"journal-article","Elsevier BV","European Journal of Internal Medicine",1
"journal-article","Elsevier BV","European Journal of Radiology",1
"journal-article","Elsevier BV","European Urology",1
"journal-article","Elsevier BV","Experimental and Molecular Pathology",1
"journal-article","Elsevier BV","Focus on Powder Coatings",1
"journal-article","Elsevier BV","Forensic Science International: Mind and Law",1
"journal-article","Elsevier BV","Geography and Sustainability",1
"journal-article","Elsevier BV","Health Policy and Technology",1
"journal-article","Elsevier BV","Heart & Lung",1
"journal-article","Elsevier BV","Human Pathology",1
"journal-article","Elsevier BV",IDCases,1
"journal-article","Elsevier BV",Immunobiology,1
"journal-article","Elsevier BV","Indian Journal of Tuberculosis",1
"journal-article","Elsevier BV","Intensive and Critical Care Nursing",1
"journal-article","Elsevier BV","Internet Interventions",1
"journal-article","Elsevier BV","Journal Français d'Ophtalmologie",1
"journal-article","Elsevier BV","Journal of Advanced Research",1
"journal-article","Elsevier BV","Journal of Affective Disorders",1
"journal-article","Elsevier BV","Journal of Anxiety Disorders",1
"journal-article","Elsevier BV","Journal of Biotechnology",1
"journal-article","Elsevier BV","Journal of Cardiovascular Computed Tomography",1
"journal-article","Elsevier BV","Journal of Chromatography A",1
"journal-article","Elsevier BV","Journal of Critical Care",1
"journal-article","Elsevier BV","Journal of Dental Sciences",1
"journal-article","Elsevier BV","Journal of Equine Veterinary Science",1
"journal-article","Elsevier BV","Journal of Global Antimicrobial Resistance",1
"journal-article","Elsevier BV","Journal of Psychosomatic Research",1
"journal-article","Elsevier BV","Journal of Structural Biology",1
"journal-article","Elsevier BV","Journal of Thoracic Oncology",1
"journal-article","Elsevier BV","Journal of the American College of Radiology",1
"journal-article","Elsevier BV","Journal of the American Medical Directors Association",1
"journal-article","Elsevier BV","Kidney International Reports",1
"journal-article","Elsevier BV","Kidney Medicine",1
"journal-article","Elsevier BV","Life Sciences",1
"journal-article","Elsevier BV","Mayo Clinic Proceedings",1
"journal-article","Elsevier BV","Medicina Clínica",1
"journal-article","Elsevier BV","Medicina Clínica (English Edition)",1
"journal-article","Elsevier BV","Medicine in Drug Discovery",1
"journal-article","Elsevier BV","Molecular Cell",1
"journal-article","Elsevier BV","Médecine et Maladies Infectieuses",1
"journal-article","Elsevier BV","Option/Bio",1
"journal-article","Elsevier BV","Oral Oncology",1
"journal-article","Elsevier BV","Pediatrics & Neonatology",1
"journal-article","Elsevier BV",Peptides,1
"journal-article","Elsevier BV","Protein Expression and Purification",1
"journal-article","Elsevier BV",Pulmonology,1
"journal-article","Elsevier BV","Research in Social and Administrative Pharmacy",1
"journal-article","Elsevier BV","Respiratory Investigation",1
"journal-article","Elsevier BV","Respiratory Medicine",1
"journal-article","Elsevier BV",Resuscitation,1
"journal-article","Elsevier BV","Revista Clínica Española (English Edition)",1
"journal-article","Elsevier BV","Revista Española de Anestesiología y Reanimación",1
"journal-article","Elsevier BV","Revue Francophone des Laboratoires",1
"journal-article","Elsevier BV","Seminars in Virology",1
"journal-article","Elsevier BV","The American Journal of Medicine",1
"journal-article","Elsevier BV","The Brazilian Journal of Infectious Diseases",1
"journal-article","Elsevier BV","The Joint Commission Journal on Quality and Patient Safety",1
"journal-article","Elsevier BV","The Journal of Molecular Diagnostics",1
"journal-article","Elsevier BV","The Lancet Child & Adolescent Health",1
"journal-article","Elsevier BV","The Lancet Planetary Health",1
"journal-article","Elsevier BV","Trends in Immunology",1
"journal-article","Elsevier BV","Trends in Molecular Medicine",1
"journal-article","Elsevier BV","Visual Journal of Emergency Medicine",1
"journal-article","Elsevier BV","World Journal of Acupuncture - Moxibustion",1
"journal-article","Springer Science and Business Media LLC","Arch Virol",87
"journal-article","Springer Science and Business Media LLC",Nature,85
"journal-article","Springer Science and Business Media LLC","Archives of Virology",56
"journal-article","Springer Science and Business Media LLC","Sci Rep",36
"journal-article","Springer Science and Business Media LLC","Virol. Sin.",33
"journal-article","Springer Science and Business Media LLC","Virus Genes",24
"journal-article","Springer Science and Business Media LLC","Nat Med",22
"journal-article","Springer Science and Business Media LLC","Virol J",21
"journal-article","Springer Science and Business Media LLC","Intensive Care Med",18
"journal-article","Springer Science and Business Media LLC","BMC Infect Dis",16
"journal-article","Springer Science and Business Media LLC","BMC Vet Res",15
"journal-article","Springer Science and Business Media LLC","Nat Commun",13
"journal-article","Springer Science and Business Media LLC","Nat Rev Microbiol",11
"journal-article","Springer Science and Business Media LLC","Sci. China Life Sci.",11
"journal-article","Springer Science and Business Media LLC","Vet Res",10
"journal-article","Springer Science and Business Media LLC","Can J Anesth/J Can Anesth",9
"journal-article","Springer Science and Business Media LLC","Front. Med.",9
"journal-article","Springer Science and Business Media LLC","Med Microbiol Immunol",9
"journal-article","Springer Science and Business Media LLC","Cell Res",8
"journal-article","Springer Science and Business Media LLC","World J Pediatr",8
"journal-article","Springer Science and Business Media LLC","Arch. Virol.",7
"journal-article","Springer Science and Business Media LLC","BMC Med",7
"journal-article","Springer Science and Business Media LLC","Crit Care",7
"journal-article","Springer Science and Business Media LLC",Infection,7
"journal-article","Springer Science and Business Media LLC","Nat Struct Mol Biol",7
"journal-article","Springer Science and Business Media LLC","Appl Microbiol Biotechnol",6
"journal-article","Springer Science and Business Media LLC","Chin.Sci.Bull.",6
"journal-article","Springer Science and Business Media LLC","Trop Anim Health Prod",6
"journal-article","Springer Science and Business Media LLC","Cell Mol Immunol",5
"journal-article","Springer Science and Business Media LLC","Curr Infect Dis Rep",5
"journal-article","Springer Science and Business Media LLC","Eur J Nucl Med Mol Imaging",5
"journal-article","Springer Science and Business Media LLC","Protein Cell",5
"journal-article","Springer Science and Business Media LLC","Biomol NMR Assign",4
"journal-article","Springer Science and Business Media LLC","Cell Discov",4
"journal-article","Springer Science and Business Media LLC",EcoHealth,4
"journal-article","Springer Science and Business Media LLC","Eur Radiol",4
"journal-article","Springer Science and Business Media LLC","J Biomed Sci",4
"journal-article","Springer Science and Business Media LLC","Nat Genet",4
"journal-article","Springer Science and Business Media LLC","Nat Microbiol",4
"journal-article","Springer Science and Business Media LLC","Nature Middle East",4
"journal-article","Springer Science and Business Media LLC","VirusDis.",4
"journal-article","Springer Science and Business Media LLC","Ann. Intensive Care",3
"journal-article","Springer Science and Business Media LLC","Chin. Sci. Bull.",3
"journal-article","Springer Science and Business Media LLC","Eur J Clin Microbiol Infect Dis",3
"journal-article","Springer Science and Business Media LLC","Eur J Epidemiol",3
"journal-article","Springer Science and Business Media LLC","Eur J Pediatr",3
"journal-article","Springer Science and Business Media LLC","Jpn J Radiol",3
"journal-article","Springer Science and Business Media LLC","MMW - Fortschritte der Medizin",3
"journal-article","Springer Science and Business Media LLC","Microchim Acta",3
"journal-article","Springer Science and Business Media LLC","Nat Biotechnol",3
"journal-article","Springer Science and Business Media LLC","Pediatr Radiol",3
"journal-article","Springer Science and Business Media LLC","Virology Journal",3
"journal-article","Springer Science and Business Media LLC","glob health res policy",3
"journal-article","Springer Science and Business Media LLC","npj Vaccines",3
"journal-article","Springer Science and Business Media LLC","BMC Public Health",2
"journal-article","Springer Science and Business Media LLC","BMC Res Notes",2
"journal-article","Springer Science and Business Media LLC","Bone Marrow Transplant",2
"journal-article","Springer Science and Business Media LLC","Br Dent J",2
"journal-article","Springer Science and Business Media LLC","Bull. Math. Biol.",2
"journal-article","Springer Science and Business Media LLC","CMLS, Cell. Mol. Life Sci.",2
"journal-article","Springer Science and Business Media LLC","Cell Death Dis",2
"journal-article","Springer Science and Business Media LLC","Chin. J. Integr. Med.",2
"journal-article","Springer Science and Business Media LLC","Comp Clin Pathol",2
"journal-article","Springer Science and Business Media LLC","Curr Treat Options Infect Dis",2
"journal-article","Springer Science and Business Media LLC","Digest Dis Sci",2
"journal-article","Springer Science and Business Media LLC","Drugs Ther Perspect",2
"journal-article","Springer Science and Business Media LLC","Genes Genom",2
"journal-article","Springer Science and Business Media LLC","Glycoconj J",2
"journal-article","Springer Science and Business Media LLC","Indian J Pediatr",2
"journal-article","Springer Science and Business Media LLC","Infect Dis Poverty",2
"journal-article","Springer Science and Business Media LLC","Int J Pept Res Ther",2
"journal-article","Springer Science and Business Media LLC","Interdiscip Sci Comput Life Sci",2
"journal-article","Springer Science and Business Media LLC","J Med Syst",2
"journal-article","Springer Science and Business Media LLC","J Microbiol.",2
"journal-article","Springer Science and Business Media LLC","J Mol Evol",2
"journal-article","Springer Science and Business Media LLC","J Mol Model",2
"journal-article","Springer Science and Business Media LLC","J. Math. Biol.",2
"journal-article","Springer Science and Business Media LLC","J. Neurovirol.",2
"journal-article","Springer Science and Business Media LLC","Military Med Res",2
"journal-article","Springer Science and Business Media LLC","Nat Immunol",2
"journal-article","Springer Science and Business Media LLC","Nat Rev Drug Discov",2
"journal-article","Springer Science and Business Media LLC","Nonlinear Dyn",2
"journal-article","Springer Science and Business Media LLC","Plant Cell Tiss Organ Cult",2
"journal-article","Springer Science and Business Media LLC","Porc Health Manag",2
"journal-article","Springer Science and Business Media LLC","Reactions Weekly",2
"journal-article","Springer Science and Business Media LLC","SCI CHINA SER C",2
"journal-article","Springer Science and Business Media LLC","SH News",2
"journal-article","Springer Science and Business Media LLC",Scientometrics,2
"journal-article","Springer Science and Business Media LLC",SpringerPlus,2
"journal-article","Springer Science and Business Media LLC","Zbl Arbeitsmed",2
"journal-article","Springer Science and Business Media LLC","AMB Expr",1
"journal-article","Springer Science and Business Media LLC","Acta Diabetol",1
"journal-article","Springer Science and Business Media LLC","Acta Math Sci",1
"journal-article","Springer Science and Business Media LLC","Acta Vet Scand",1
"journal-article","Springer Science and Business Media LLC",Aerobiologia,1
"journal-article","Springer Science and Business Media LLC","Akupunkt Aurikulomed",1
"journal-article","Springer Science and Business Media LLC",Anaesthesist,1
"journal-article","Springer Science and Business Media LLC","Ann Hematol",1
"journal-article","Springer Science and Business Media LLC","Antimicrob Resist Infect Control",1
"journal-article","Springer Science and Business Media LLC","Arch Public Health",1
"journal-article","Springer Science and Business Media LLC","Arch. Pharm. Res.",1
"journal-article","Springer Science and Business Media LLC","BMC Bioinformatics",1
"journal-article","Springer Science and Business Media LLC","BMC Complement Altern Med",1
"journal-article","Springer Science and Business Media LLC","BMC Fam Pract",1
"journal-article","Springer Science and Business Media LLC","BMC Health Serv Res",1
"journal-article","Springer Science and Business Media LLC","BMC Immunol",1
"journal-article","Springer Science and Business Media LLC","BMC Immunology",1
"journal-article","Springer Science and Business Media LLC","BMC Neurol",1
"journal-article","Springer Science and Business Media LLC","BMC Pediatr",1
"journal-article","Springer Science and Business Media LLC","BMC Struct Biol",1
"journal-article","Springer Science and Business Media LLC","BMC Syst Biol",1
"journal-article","Springer Science and Business Media LLC","BioChip J",1
"journal-article","Springer Science and Business Media LLC","BioNanoSci.",1
"journal-article","Springer Science and Business Media LLC","Biotechnol Bioproc E",1
"journal-article","Springer Science and Business Media LLC","Biotechnol Lett",1
"journal-article","Springer Science and Business Media LLC","Biotechnol. Bioprocess Eng.",1
"journal-article","Springer Science and Business Media LLC","Braz J Microbiol",1
"journal-article","Springer Science and Business Media LLC","Build. Simul.",1
"journal-article","Springer Science and Business Media LLC",Bundesgesundheitsbl,1
"journal-article","Springer Science and Business Media LLC","Bundesgesundheitsbl - Gesundheitsforsch
- Gesundheitsschutz",1
"journal-article","Springer Science and Business Media LLC","Bundesgesundheitsbl - Gesundheitsforsch - Gesundheitsschutz",1
"journal-article","Springer Science and Business Media LLC","CHINESE SCI BULL",1
"journal-article","Springer Science and Business Media LLC","Cardiovasc Intervent Radiol",1
"journal-article","Springer Science and Business Media LLC","Cell Biosci",1
"journal-article","Springer Science and Business Media LLC","Cell Death Discov.",1
"journal-article","Springer Science and Business Media LLC","Cell Mol Biol Lett",1
"journal-article","Springer Science and Business Media LLC","Cell. Mol. Life Sci.",1
"journal-article","Springer Science and Business Media LLC","Chin J Acad Radiol",1
"journal-article","Springer Science and Business Media LLC","Clin Oral Invest",1
"journal-article","Springer Science and Business Media LLC","Clin Res Cardiol",1
"journal-article","Springer Science and Business Media LLC","Clin Trans Med",1
"journal-article","Springer Science and Business Media LLC","Crit Ultrasound J",1
"journal-article","Springer Science and Business Media LLC","Curr Clin Micro Rpt",1
"journal-article","Springer Science and Business Media LLC","Curr Trop Med Rep",1
"journal-article","Springer Science and Business Media LLC","Disaster and Mil Med",1
"journal-article","Springer Science and Business Media LLC","Drugs Aging",1
"journal-article","Springer Science and Business Media LLC","EJNMMI Res",1
"journal-article","Springer Science and Business Media LLC","Environ Syst Decis",1
"journal-article","Springer Science and Business Media LLC","Eur J Wildl Res",1
"journal-article","Springer Science and Business Media LLC","Exp Mol Med",1
"journal-article","Springer Science and Business Media LLC",Eye,1
"journal-article","Springer Science and Business Media LLC","Forsch Ingenieurwes",1
"journal-article","Springer Science and Business Media LLC","Front. Med. China",1
"journal-article","Springer Science and Business Media LLC","Graefes Arch Clin Exp Ophthalmol",1
"journal-article","Springer Science and Business Media LLC","Health Care Manag Sci",1
"journal-article","Springer Science and Business Media LLC","Health Qual Life Outcomes",1
"journal-article","Springer Science and Business Media LLC",Herz,1
"journal-article","Springer Science and Business Media LLC","Hum Genet",1
"journal-article","Springer Science and Business Media LLC","Immun Ageing",1
"journal-article","Springer Science and Business Media LLC","Immunity & Ageing",1
"journal-article","Springer Science and Business Media LLC","Immunol Res",1
"journal-article","Springer Science and Business Media LLC","Indian Pediatr",1
"journal-article","Springer Science and Business Media LLC","Infect Dis Ther",1
"journal-article","Springer Science and Business Media LLC","Int J Equity Health",1
"journal-article","Springer Science and Business Media LLC","Int J Health Geogr",1
"journal-article","Springer Science and Business Media LLC","Int.J. Behav. Med.",1
"journal-article","Springer Science and Business Media LLC",Internist,1
"journal-article","Springer Science and Business Media LLC","J Biomol NMR",1
"journal-article","Springer Science and Business Media LLC","J Biosci",1
"journal-article","Springer Science and Business Media LLC","J Clin Immunol",1
"journal-article","Springer Science and Business Media LLC","J Comput Aided Mol Des",1
"journal-article","Springer Science and Business Media LLC","J GEN INTERN MED",1
"journal-article","Springer Science and Business Media LLC","J Mol Med",1
"journal-article","Springer Science and Business Media LLC","J Nanobiotechnol",1
"journal-article","Springer Science and Business Media LLC","J Nephrol",1
"journal-article","Springer Science and Business Media LLC","J Neuroimmune Pharmacol",1
"journal-article","Springer Science and Business Media LLC","J Neurol",1
"journal-article","Springer Science and Business Media LLC","J Neurovirol",1
"journal-article","Springer Science and Business Media LLC","J Public Health (Berl.)",1
"journal-article","Springer Science and Business Media LLC","J Public Health Pol",1
"journal-article","Springer Science and Business Media LLC","J Struct Funct Genomics",1
"journal-article","Springer Science and Business Media LLC","J Supercomput",1
"journal-article","Springer Science and Business Media LLC","J. of Shanghai Univ.",1
"journal-article","Springer Science and Business Media LLC","Journal of Forestry Research",1
"journal-article","Springer Science and Business Media LLC","Journal of NeuroVirology",1
"journal-article","Springer Science and Business Media LLC","KSCE J Civ Eng",1
"journal-article","Springer Science and Business Media LLC","Klin Wochenschr",1
"journal-article","Springer Science and Business Media LLC","Med Klin Intensivmed Notfmed",1
"journal-article","Springer Science and Business Media LLC","Microb Cell Fact",1
"journal-article","Springer Science and Business Media LLC","Mol Biotechnol",1
"journal-article","Springer Science and Business Media LLC","Nat Hazards",1
"journal-article","Springer Science and Business Media LLC","Nat Rev Cardiol",1
"journal-article","Springer Science and Business Media LLC","Nat Rev Immunol",1
"journal-article","Springer Science and Business Media LLC","Nat Rev Phys",1
"journal-article","Springer Science and Business Media LLC","Neurol Sci",1
"journal-article","Springer Science and Business Media LLC","Neurosci. Bull.",1
"journal-article","Springer Science and Business Media LLC","Parasites Vectors",1
"journal-article","Springer Science and Business Media LLC",Pathologe,1
"journal-article","Springer Science and Business Media LLC","Pediatr Nephrol",1
"journal-article","Springer Science and Business Media LLC","Pediatr Rheumatol",1
"journal-article","Springer Science and Business Media LLC","Plant Cell Rep",1
"journal-article","Springer Science and Business Media LLC","Postdigit Sci Educ",1
"journal-article","Springer Science and Business Media LLC","Probiotics & Antimicro. Prot.",1
"journal-article","Springer Science and Business Media LLC","Proteome Sci",1
"journal-article","Springer Science and Business Media LLC","Proteome Science",1
"journal-article","Springer Science and Business Media LLC","Quant Biol",1
"journal-article","Springer Science and Business Media LLC","Respir Res",1
"journal-article","Springer Science and Business Media LLC","Sci. China Earth Sci.",1
"journal-article","Springer Science and Business Media LLC","Sci. China Math.",1
"journal-article","Springer Science and Business Media LLC","Semin Immunopathol",1
"journal-article","American Society for Microbiology","Journal of Virology",231
"journal-article","American Society for Microbiology","J. Virol.",58
"journal-article","American Society for Microbiology","J Virol",38
"journal-article","American Society for Microbiology",mBio,32
"journal-article","American Society for Microbiology","Journal of Clinical Microbiology",23
"journal-article","American Society for Microbiology","Clinical and Vaccine Immunology",11
"journal-article","American Society for Microbiology","J. Clin. Microbiol.",8
"journal-article","American Society for Microbiology","Antimicrob. Agents Chemother.",6
"journal-article","American Society for Microbiology",mSphere,6
"journal-article","American Society for Microbiology","Microbiol Resour Announc",5
"journal-article","American Society for Microbiology","J Clin Microbiol",4
"journal-article","American Society for Microbiology","Antimicrob Agents Chemother",3
"journal-article","American Society for Microbiology","Antimicrobial Agents and Chemotherapy",3
"journal-article","American Society for Microbiology","Genome Announc.",3
"journal-article","American Society for Microbiology","Clin. Vaccine Immunol.",2
"journal-article","American Society for Microbiology","Clinical Microbiology Reviews",2
"journal-article","American Society for Microbiology","Genome Announcements",2
"journal-article","American Society for Microbiology","Applied and Environmental Microbiology",1
"journal-article","American Society for Microbiology","Clin. Microbiol. Rev.",1
"journal-article","American Society for Microbiology","Microbiology and Molecular Biology Reviews",1
"journal-article","American Society for Microbiology","Mol Cell Biol",1
"journal-article",Wiley,"J Med Virol",49
"journal-article",Wiley,"J. Med. Virol.",19
"journal-article",Wiley,"Transbound Emerg Dis",19
"journal-article",Wiley,"Influenza Other Respi Viruses",13
"journal-article",Wiley,"J. Pathol.",8
"journal-article",Wiley,"Am J Transplant",7
"journal-article",Wiley,"The EMBO Journal",5
"journal-article",Wiley,Transfusion,5
"journal-article",Wiley,"Zoonoses Public Health",5
"journal-article",Wiley,"Int J Clin Pract",4
"journal-article",Wiley,"Mental Health Weekly",4
"journal-article",Wiley,Respirology,4
"journal-article",Wiley,"Acad Emerg Med",3
"journal-article",Wiley,"Alcoholism & Drug Abuse Weekly",3
"journal-article",Wiley,Cytometry,3
"journal-article",Wiley,"Eur. J. Immunol.",3
"journal-article",Wiley,"FASEB j.",3
"journal-article",Wiley,"Pediatric Pulmonology",3
"journal-article",Wiley,"Ultrasound Obstet Gynecol",3
"journal-article",Wiley,"Acta Obstet Gynecol Scand",2
"journal-article",Wiley,"Acta Ophthalmol",2
"journal-article",Wiley,Allergy,2
"journal-article",Wiley,"Am J Hematol",2
"journal-article",Wiley,"Ann Neurol.",2
"journal-article",Wiley,"Br J Haematol",2
"journal-article",Wiley,ChemBioChem,2
"journal-article",Wiley,"Dermatologic Therapy",2
"journal-article",Wiley,"EMBO J",2
"journal-article",Wiley,"Eur J Clin Invest",2
"journal-article",Wiley,"FEBS J",2
"journal-article",Wiley,Immunology,2
"journal-article",Wiley,"J Am Geriatr Soc",2
"journal-article",Wiley,"J Evid Based Med.",2
"journal-article",Wiley,"Journal of Leukocyte Biology",2
"journal-article",Wiley,"Journal of the American College of Emergency Physicians Open",2
"journal-article",Wiley,"Pediatr Invest",2
"journal-article",Wiley,"Psychiatry Clin. Neurosci.",2
"journal-article",Wiley,"Risk Analysis",2
"journal-article",Wiley,"Acta Paediatrica",1
"journal-article",Wiley,"Adv. Funct. Mater.",1
"journal-article",Wiley,"Afr Res Bull Econ",1
"journal-article",Wiley,"Afr Res Bull Polit",1
"journal-article",Wiley,"Anim Models Exp Med",1
"journal-article",Wiley,"Animal Model Exp Med",1
"journal-article",Wiley,"BJOG: Int J Obstet Gy",1
"journal-article",Wiley,"Br J Dermatol",1
"journal-article",Wiley,"Br J Surg",1
"journal-article",Wiley,"Chem Biol Drug Des",1
"journal-article",Wiley,"ChemBioEng Reviews",1
"journal-article",Wiley,ChemViews,1
"journal-article",Wiley,"Drug Dev Res",1
"journal-article",Wiley,"EFSA Journal",1
"journal-article",Wiley,"Equine Vet Educ",1
"journal-article",Wiley,"Eur J Haematol",1
"journal-article",Wiley,"Health Promot J Austral",1
"journal-article",Wiley,"Health Sci Rep",1
"journal-article",Wiley,Hepatology,1
"journal-article",Wiley,Histopathology,1
"journal-article",Wiley,"Indoor Air",1
"journal-article",Wiley,"Influenza Other Respir Viruses",1
"journal-article",Wiley,"Int J Gynecol Obstet",1
"journal-article",Wiley,"J Arrhythmia",1
"journal-article",Wiley,"J Clin Nurs",1
"journal-article",Wiley,"J Dig Dis",1
"journal-article",Wiley,"J Leukoc Biol",1
"journal-article",Wiley,"J Paediatr Child Health",1
"journal-article",Wiley,"J Thromb Haemost",1
"journal-article",Wiley,"J Ultrasound Med",1
"journal-article",Wiley,"J Vet Intern Med",1
"journal-article",Wiley,"J Vet Med Series B",1
"journal-article",Wiley,"J. Gene Med.",1
"journal-article",Wiley,"Journal of Diabetes",1
"journal-article",Wiley,"Journal of Injury, Function and Rehabilitation",1
"journal-article",Wiley,"Lett Appl Microbiol",1
"journal-article",Wiley,"Liver Int",1
"journal-article",Wiley,"Microb. Biotechnol.",1
"journal-article",Wiley,"Microbiol Immunol",1
"journal-article",Wiley,"Neuropathol Appl Neurobiol",1
"journal-article",Wiley,"Oral Surg",1
"journal-article",Wiley,"Pediatr Blood Cancer",1
"journal-article",Wiley,Proteomics,1
"journal-article",Wiley,"Rev Med Virol",1
"journal-article",Wiley,"Rev. Med. Virol.",1
"journal-article",Wiley,"Tissue Antigens",1
"journal-article",Wiley,"Trop Med Int Health",1
"journal-article",Wiley,"Vox Sang",1
"journal-article","Oxford University Press (OUP)","J INFECT DIS",14
"journal-article","Oxford University Press (OUP)","Clinical Infectious Diseases",8
"journal-article","Oxford University Press (OUP)","Journal of Infectious Diseases",6
"journal-article","Oxford University Press (OUP)","J Infect Dis.",5
"journal-article","Oxford University Press (OUP)","Clin Infect Dis.",4
"journal-article","Oxford University Press (OUP)","CLIN INFECT DIS",3
"journal-article","Oxford University Press (OUP)","Nucleic Acids Research",2
"journal-article","Oxford University Press (OUP)","Am J Clin Pathol",1
"journal-article","Oxford University Press (OUP)","FEMS Microbiology Reviews",1
"journal-article","Oxford University Press (OUP)","International Immunology",1
"journal-article","Oxford University Press (OUP)","J Travel Med",1
"journal-article","Oxford University Press (OUP)","Journal of Antimicrobial Chemotherapy",1
"journal-article","Oxford University Press (OUP)","Pathogens Disease",1
"journal-article","Public Library of Science (PLoS)","PLoS ONE",80
"journal-article","Public Library of Science (PLoS)","PLoS Pathog",51
"journal-article","Public Library of Science (PLoS)","PLoS Med",4
"journal-article","Public Library of Science (PLoS)","PLoS Biol",3
"journal-article","Public Library of Science (PLoS)","PLoS Comput Biol",2
"journal-article","Public Library of Science (PLoS)","PLoS Curr",2
"journal-article","Public Library of Science (PLoS)","PLoS Genet",1
"journal-article","Public Library of Science (PLoS)","PLoS Negl Trop Dis",1
"journal-article","Public Library of Science (PLoS)","PLoS Pathogens",1
"journal-article",BMJ,BMJ,94
"journal-article",BMJ,"Veterinary Record",18
"journal-article",BMJ,"British Journal of Ophthalmology",3
"journal-article",BMJ,Gut,3
"journal-article",BMJ,"BMJ Open",2
"journal-article",BMJ,"Eur J Hosp Pharm",2
"journal-article",BMJ,"J Clin Pathol",2
"journal-article",BMJ,"Arch Dis Child Fetal Neonatal Ed",1
"journal-article",BMJ,"Archives of Disease in Childhood",1
"journal-article",BMJ,"BMJ STEL",1
"journal-article",BMJ,"Br J Ophthalmol",1
"journal-article",BMJ,"Br J Sports Med",1
"journal-article",BMJ,"Fam Med Com Health",1
"journal-article",BMJ,"Gen Psych",1
"journal-article",BMJ,Thorax,1
"journal-article","Centers for Disease Control and Prevention (CDC)","Emerg. Infect. Dis.",125
"journal-article","MDPI AG",Viruses,54
"journal-article","MDPI AG",JCM,17
"journal-article","MDPI AG",IJERPH,8
"journal-article","MDPI AG",IJMS,4
"journal-article","MDPI AG",JRFM,4
"journal-article","MDPI AG",Pathogens,4
"journal-article","MDPI AG",Biomolecules,3
"journal-article","MDPI AG",Healthcare,3
"journal-article","MDPI AG",Antibodies,1
"journal-article","MDPI AG",Biology,1
"journal-article","MDPI AG",Diagnostics,1
"journal-article","MDPI AG",Micromachines,1
"journal-article","MDPI AG",Sustainability,1
"journal-article","American Association for the Advancement of Science (AAAS)",Science,78
"journal-article","American Association for the Advancement of Science (AAAS)","Sci. Transl. Med.",4
"journal-article","American Association for the Advancement of Science (AAAS)","Sci. Adv.",3
"journal-article","American Association for the Advancement of Science (AAAS)","Science Translational Medicine",1
"journal-article","Microbiology Society","Journal of General Virology",22
"journal-article","Ovid Technologies (Wolters Kluwer Health)","Chinese Medical Journal",19
"journal-article","Ovid Technologies (Wolters Kluwer Health)","The Pediatric Infectious Disease Journal",17
"journal-article","Ovid Technologies (Wolters Kluwer Health)",Anesthesiology,8
"journal-article","Ovid Technologies (Wolters Kluwer Health)",Circulation,2
"journal-article","Ovid Technologies (Wolters Kluwer Health)","Current Opinion in Infectious Diseases",2
"journal-article","Ovid Technologies (Wolters Kluwer Health)","Current Opinion in Pulmonary Medicine",2
"journal-article","Ovid Technologies (Wolters Kluwer Health)","Investigative Radiology",2
"journal-article","Ovid Technologies (Wolters Kluwer Health)","Journal of Bronchology & Interventional Pulmonology",2
"journal-article","Ovid Technologies (Wolters Kluwer Health)","Journal of Thoracic Imaging",2
"journal-article","Ovid Technologies (Wolters Kluwer Health)","Journal of the Chinese Medical Association",2
"journal-article","Ovid Technologies (Wolters Kluwer Health)",AIDS,1
"journal-article","Ovid Technologies (Wolters Kluwer Health)","AJN, American Journal of Nursing",1
"journal-article","Ovid Technologies (Wolters Kluwer Health)","Advances in Anatomic Pathology",1
"journal-article","Ovid Technologies (Wolters Kluwer Health)","Am J Gastroenterology",1
"journal-article","Ovid Technologies (Wolters Kluwer Health)","Circ: Cardiovascular Quality and Outcomes",1
"journal-article","Ovid Technologies (Wolters Kluwer Health)",Epidemiology,1
"journal-article","Ovid Technologies (Wolters Kluwer Health)","JAIDS Journal of Acquired Immune Deficiency Syndromes",1
"journal-article","Ovid Technologies (Wolters Kluwer Health)","Journal of Hypertension",1
"journal-article","Ovid Technologies (Wolters Kluwer Health)","Journal of Pediatric Hematology/Oncology",1
"journal-article","Ovid Technologies (Wolters Kluwer Health)","Journal of Trauma and Acute Care Surgery",1
"journal-article","Ovid Technologies (Wolters Kluwer Health)",Medicine,1
"journal-article","Ovid Technologies (Wolters Kluwer Health)","The American Journal of Gastroenterology",1
"journal-article","Ovid Technologies (Wolters Kluwer Health)","The Journal of Bone and Joint Surgery",1
"journal-article","Proceedings of the National Academy of Sciences","Proceedings of the National Academy of Sciences",34
"journal-article","Proceedings of the National Academy of Sciences","Proc Natl Acad Sci USA",24
"journal-article","Proceedings of the National Academy of Sciences",PNAS,2
"journal-article","Informa UK Limited","Emerging Microbes & Infections",25
"journal-article","Informa UK Limited","Human Vaccines & Immunotherapeutics",6
"journal-article","Informa UK Limited","Avian Pathology",3
"journal-article","Informa UK Limited","Veterinary Quarterly",3
"journal-article","Informa UK Limited","Pathogens and Global Health",2
"journal-article","Informa UK Limited",Anatolia,1
"journal-article","Informa UK Limited",Autophagy,1
"journal-article","Informa UK Limited","Baylor University Medical Center Proceedings",1
"journal-article","Informa UK Limited",DDDT,1
"journal-article","Informa UK Limited","Expert Review of Anti-infective Therapy",1
"journal-article","Informa UK Limited","Immunological Investigations",1
"journal-article","Informa UK Limited","Infection Ecology & Epidemiology",1
"journal-article","Informa UK Limited","Infectious Diseases",1
"journal-article","Informa UK Limited","Journal of Dermatological Treatment",1
"journal-article","Informa UK Limited","Journal of Enzyme Inhibition and Medicinal Chemistry",1
"journal-article","Informa UK Limited","Journal of Histotechnology",1
"journal-article","Informa UK Limited","Journal of Interdisciplinary Mathematics",1
"journal-article","Informa UK Limited","Ocular Immunology and Inflammation",1
"journal-article","Informa UK Limited","RNA Biology",1
"journal-article","Informa UK Limited","Sexual and Reproductive Health Matters",1
"journal-article","Informa UK Limited","Sustainability: Science, Practice and Policy",1
"journal-article","Informa UK Limited","The Round Table",1
"journal-article","Informa UK Limited","Tourism Recreation Research",1
"journal-article","Case Journals",CMR,55
"journal-article","European Centre for Disease Control and Prevention (ECDC)","Euro Surveill.",3
"journal-article","Massachusetts Medical Society","N Engl J Med",44
"journal-article","SAGE Publications","Journal of Feline Medicine and Surgery",8
"journal-article","SAGE Publications","J VET Diagn Invest",7
"journal-article","SAGE Publications","Vet Pathol",5
"journal-article","SAGE Publications","Antivir Chem Chemother",3
"journal-article","SAGE Publications","Can Assoc Radiol J",3
"journal-article","SAGE Publications","Exp Biol Med (Maywood)",3
"journal-article","SAGE Publications","Experimental Biology and Medicine",2
"journal-article","SAGE Publications","Indoor and Built Environment",2
"journal-article","SAGE Publications","J R Soc Med",2
"journal-article","SAGE Publications","Environ Plan A",1
"journal-article","SAGE Publications","Integr Cancer Ther",1
"journal-article","SAGE Publications","J Dent Res",1
"journal-article","SAGE Publications","J Int Med Res",1
"journal-article","SAGE Publications","J Telemed Telecare",1
"journal-article","SAGE Publications","Journal of Feline Medicine and Surgery Open Reports",1
"journal-article","SAGE Publications","Public Health Rep",1
"journal-article","SAGE Publications","Stat Methods Med Res",1
"journal-article","American Chemical Society (ACS)","C&EN Global Enterp",17
"journal-article","American Chemical Society (ACS)","J. Med. Chem.",12
"journal-article","American Chemical Society (ACS)",Biochemistry,3
"journal-article","American Chemical Society (ACS)","ACS Appl. Mater. Interfaces",1
"journal-article","American Chemical Society (ACS)","ACS Cent. Sci.",1
"journal-article","American Chemical Society (ACS)","ACS Chem. Neurosci.",1
"journal-article","American Chemical Society (ACS)","ACS Infect. Dis.",1
"journal-article","American Chemical Society (ACS)","J. Am. Chem. Soc.",1
"journal-article","American Chemical Society (ACS)","J. Comb. Chem.",1
"journal-article","American Chemical Society (ACS)","J. Proteome Res.",1
"journal-article","American Medical Association (AMA)",JAMA,33
"journal-article","American Medical Association (AMA)","JAMA Intern Med",1
"journal-article","American Medical Association (AMA)","JAMA Otolaryngol Head Neck Surg",1
"journal-article","American Medical Association (AMA)","JAMA Pediatr",1
"journal-article","American Society for Biochemistry & Molecular Biology (ASBMB)","J. Biol. Chem.",31
"journal-article","American Society for Biochemistry & Molecular Biology (ASBMB)","Mol Cell Proteomics",1
"journal-article","Cambridge University Press (CUP)","Infect. Control Hosp. Epidemiol.",17
"journal-article","Cambridge University Press (CUP)","Epidemiol. Infect.",11
"journal-article","Cambridge University Press (CUP)","J. Hyg.",2
"journal-article","Cambridge University Press (CUP)","European Psychiatry",1
"journal-article","Cambridge University Press (CUP)","Prehosp. Disaster med.",1
"journal-article",Medknow,"Indian J Med Res",5
"journal-article",Medknow,"Asian Pac J Trop Med",4
"journal-article",Medknow,"Med J DY Patil Vidyapeeth",3
"journal-article",Medknow,"World J Tradit Chin Med",3
"journal-article",Medknow,"Ann Thorac Med",2
"journal-article",Medknow,"Indian J Pharmacol",2
"journal-article",Medknow,"Asian Pac J Trop Biomed",1
"journal-article",Medknow,"Dermatol Sin",1
"journal-article",Medknow,"Indian J Anaesth",1
"journal-article",Medknow,"Indian J Occup Environ Med",1
"journal-article",Medknow,"Indian J Ophthalmol",1
"journal-article",Medknow,"Indian J Radiol Imaging",1
"journal-article",Medknow,"Int J Prev Med",1
"journal-article",Medknow,"J Acute Dis",1
"journal-article",Medknow,"J Emerg Trauma Shock",1
"journal-article",Medknow,"J Immunother Precis Oncol",1
"journal-article",Medknow,"J Int Soc Prevent Communit Dent",1
"journal-article",Medknow,"J Mar Med Soc",1
"journal-article",Medknow,"Soc Health Behav",1
"journal-article","Radiological Society of North America (RSNA)",Radiology,23
"journal-article","Radiological Society of North America (RSNA)","Radiology: Cardiothoracic Imaging",9
"journal-article","Frontiers Media SA","Front. Microbiol.",13
"journal-article","Frontiers Media SA","Front. Immunol.",12
"journal-article","Frontiers Media SA","Front. Vet. Sci.",2
"journal-article","Frontiers Media SA","Front. Cell Dev. Biol.",1
"journal-article","Frontiers Media SA","Front. Cell. Infect. Microbiol.",1
"journal-article","Frontiers Media SA","Front. Chem.",1
"journal-article","Frontiers Media SA","Front. Pediatr.",1
